PCs,KPCA_accuracy,KPCA_mutual_info
PC1,0.671,0.6775907332596794
PC2,0.895,1.0308564537586324
PC3,0.9,1.0425127813168085
PC4,0.903,1.0519355073614731
PC5,0.9055,1.0576509364777538
PC6,0.906,1.059702681753325
PC7,0.906,1.059702681753325
PC8,0.906,1.059702681753325
PC9,0.9065,1.0607723975414087
PC10,0.9065,1.0607723975414087
