PCs,PCA_sk_accuracy,PCA_sk_mutual_info
PC1,0.6115,0.4682170685802035
PC2,0.6395,0.5173443558894419
PC3,0.847,1.002142318343878
PC4,0.931,1.1512881282270626
PC5,0.943,1.180709471975162
PC6,0.953,1.2108478885022775
PC7,0.955,1.2160614148987021
PC8,0.9695,1.2529611053816687
PC9,0.97,1.2558032110807869
PC10,0.9765,1.2764252120499018
