PCs,KPCA_sk_accuracy,KPCA_sk_mutual_info
1,0.6985,0.6766171546370139
2,0.9,1.0439829811417658
3,0.9405,1.1451208964763488
4,0.9495,1.1714947975167735
5,0.9615,1.2078642693070938
6,0.961,1.2056062721523266
7,0.968,1.2328145075808086
8,0.9695,1.2415689199758744
9,0.975,1.2642333394485172
10,0.9755,1.2655134447679037
