PCs,MDS_accuracy,MDS_mutual_info
PC1,0.4125,0.34092480657056756
PC2,0.42,0.5475783071866911
PC3,0.855,0.9613341714926902
PC4,0.9125,1.0747077074916316
PC5,0.9225,1.1092481949474295
PC6,0.9325,1.128974400134739
PC7,0.945,1.1706469062171792
PC8,0.945,1.1706469062171792
PC9,0.9525,1.1903044760174448
PC10,0.955,1.2131723178263056
